{
  "load_count": 110734,
  "play_count": 43810,
  "play_rate": 0.43503941167769067,
  "hours_watched": 2651.986969632,
  "engagement": 0.500445,
  "visitors": 94642
}