{
  "load_count": 111165,
  "play_count": 16681,
  "play_rate": 0.15495193917077135,
  "hours_watched": 336.97566205632,
  "engagement": 0.167007,
  "visitors": 104555
}