{
  "load_count": 111166,
  "play_count": 16681,
  "play_rate": 0.15495045717127665,
  "hours_watched": 336.97566205632,
  "engagement": 0.167007,
  "visitors": 104556
}