{
  "load_count": 110735,
  "play_count": 43810,
  "play_rate": 0.4350348150417886,
  "hours_watched": 2651.986969632,
  "engagement": 0.500445,
  "visitors": 94643
}